--------------------------------------------------------
--  File created - Monday-October-09-2023   
--------------------------------------------------------
--------------------------------------------------------
--  DDL for Table BONUS
--------------------------------------------------------

  CREATE TABLE "DEMO"."BONUS" 
   (	"ENAME" VARCHAR2(10 BYTE) COLLATE "USING_NLS_COMP", 
	"JOB" VARCHAR2(9 BYTE) COLLATE "USING_NLS_COMP", 
	"SAL" NUMBER, 
	"COMM" NUMBER
   )  DEFAULT COLLATION "USING_NLS_COMP" SEGMENT CREATION IMMEDIATE 
  PCTFREE 10 PCTUSED 40 INITRANS 10 MAXTRANS 255 
 NOCOMPRESS LOGGING
  STORAGE(INITIAL 65536 NEXT 1048576 MINEXTENTS 1 MAXEXTENTS 2147483645
  PCTINCREASE 0 FREELISTS 1 FREELIST GROUPS 1
  BUFFER_POOL DEFAULT FLASH_CACHE DEFAULT CELL_FLASH_CACHE DEFAULT)
  TABLESPACE "DATA" ;
--------------------------------------------------------
--  DDL for Table DEPT
--------------------------------------------------------

  CREATE TABLE "DEMO"."DEPT" 
   (	"DEPTNO" NUMBER(2,0), 
	"DNAME" VARCHAR2(14 BYTE) COLLATE "USING_NLS_COMP", 
	"LOC" VARCHAR2(13 BYTE) COLLATE "USING_NLS_COMP"
   )  DEFAULT COLLATION "USING_NLS_COMP" SEGMENT CREATION IMMEDIATE 
  PCTFREE 10 PCTUSED 40 INITRANS 10 MAXTRANS 255 
 NOCOMPRESS LOGGING
  STORAGE(INITIAL 65536 NEXT 1048576 MINEXTENTS 1 MAXEXTENTS 2147483645
  PCTINCREASE 0 FREELISTS 1 FREELIST GROUPS 1
  BUFFER_POOL DEFAULT FLASH_CACHE DEFAULT CELL_FLASH_CACHE DEFAULT)
  TABLESPACE "DATA" ;
--------------------------------------------------------
--  DDL for Table EMP
--------------------------------------------------------

  CREATE TABLE "DEMO"."EMP" 
   (	"EMPNO" NUMBER(4,0), 
	"ENAME" VARCHAR2(10 BYTE) COLLATE "USING_NLS_COMP", 
	"JOB" VARCHAR2(9 BYTE) COLLATE "USING_NLS_COMP", 
	"MGR" NUMBER(4,0), 
	"HIREDATE" DATE, 
	"SAL" NUMBER(7,2), 
	"COMM" NUMBER(7,2), 
	"DEPTNO" NUMBER(2,0)
   )  DEFAULT COLLATION "USING_NLS_COMP" SEGMENT CREATION IMMEDIATE 
  PCTFREE 10 PCTUSED 40 INITRANS 10 MAXTRANS 255 
 NOCOMPRESS LOGGING
  STORAGE(INITIAL 65536 NEXT 1048576 MINEXTENTS 1 MAXEXTENTS 2147483645
  PCTINCREASE 0 FREELISTS 1 FREELIST GROUPS 1
  BUFFER_POOL DEFAULT FLASH_CACHE DEFAULT CELL_FLASH_CACHE DEFAULT)
  TABLESPACE "DATA" ;
--------------------------------------------------------
--  DDL for Table MEMBERS
--------------------------------------------------------

  CREATE TABLE "DEMO"."MEMBERS" 
   (	"CUSTOMER_ID" NUMBER, 
	"CUSTOMER_CODE" VARCHAR2(5 BYTE) COLLATE "USING_NLS_COMP", 
	"DATE_OF_JOIN" DATE
   )  DEFAULT COLLATION "USING_NLS_COMP" SEGMENT CREATION IMMEDIATE 
  PCTFREE 10 PCTUSED 40 INITRANS 10 MAXTRANS 255 
 NOCOMPRESS LOGGING
  STORAGE(INITIAL 65536 NEXT 1048576 MINEXTENTS 1 MAXEXTENTS 2147483645
  PCTINCREASE 0 FREELISTS 1 FREELIST GROUPS 1
  BUFFER_POOL DEFAULT FLASH_CACHE DEFAULT CELL_FLASH_CACHE DEFAULT)
  TABLESPACE "DATA" ;
--------------------------------------------------------
--  DDL for Table MENU
--------------------------------------------------------

  CREATE TABLE "DEMO"."MENU" 
   (	"PRODUCT_ID" NUMBER, 
	"PRODUCT_NAME" VARCHAR2(5 BYTE) COLLATE "USING_NLS_COMP", 
	"PRICE" NUMBER(5,2)
   )  DEFAULT COLLATION "USING_NLS_COMP" SEGMENT CREATION IMMEDIATE 
  PCTFREE 10 PCTUSED 40 INITRANS 10 MAXTRANS 255 
 NOCOMPRESS LOGGING
  STORAGE(INITIAL 65536 NEXT 1048576 MINEXTENTS 1 MAXEXTENTS 2147483645
  PCTINCREASE 0 FREELISTS 1 FREELIST GROUPS 1
  BUFFER_POOL DEFAULT FLASH_CACHE DEFAULT CELL_FLASH_CACHE DEFAULT)
  TABLESPACE "DATA" ;
--------------------------------------------------------
--  DDL for Table SALES
--------------------------------------------------------

  CREATE TABLE "DEMO"."SALES" 
   (	"SALES_ID" NUMBER GENERATED ALWAYS AS IDENTITY MINVALUE 1 MAXVALUE 9999999999999999999999999999 INCREMENT BY 1 START WITH 1 CACHE 20 NOORDER  NOCYCLE  NOKEEP  NOSCALE , 
	"ORDER_DATE" DATE, 
	"PRODUCT_ID" NUMBER(*,0), 
	"AMOUNT" NUMBER(10,2), 
	"CUSTOMER_ID" NUMBER
   )  DEFAULT COLLATION "USING_NLS_COMP" SEGMENT CREATION IMMEDIATE 
  PCTFREE 10 PCTUSED 40 INITRANS 10 MAXTRANS 255 
 NOCOMPRESS LOGGING
  STORAGE(INITIAL 65536 NEXT 1048576 MINEXTENTS 1 MAXEXTENTS 2147483645
  PCTINCREASE 0 FREELISTS 1 FREELIST GROUPS 1
  BUFFER_POOL DEFAULT FLASH_CACHE DEFAULT CELL_FLASH_CACHE DEFAULT)
  TABLESPACE "DATA" ;
--------------------------------------------------------
--  DDL for Table SALGRADE
--------------------------------------------------------

  CREATE TABLE "DEMO"."SALGRADE" 
   (	"GRADE" NUMBER, 
	"LOSAL" NUMBER, 
	"HISAL" NUMBER
   )  DEFAULT COLLATION "USING_NLS_COMP" SEGMENT CREATION IMMEDIATE 
  PCTFREE 10 PCTUSED 40 INITRANS 10 MAXTRANS 255 
 NOCOMPRESS LOGGING
  STORAGE(INITIAL 65536 NEXT 1048576 MINEXTENTS 1 MAXEXTENTS 2147483645
  PCTINCREASE 0 FREELISTS 1 FREELIST GROUPS 1
  BUFFER_POOL DEFAULT FLASH_CACHE DEFAULT CELL_FLASH_CACHE DEFAULT)
  TABLESPACE "DATA" ;
REM INSERTING into DEMO.BONUS
SET DEFINE OFF;
REM INSERTING into DEMO.DEPT
SET DEFINE OFF;
Insert into DEMO.DEPT (DEPTNO,DNAME,LOC) values (10,'ACCOUNTING','NEW YORK');
Insert into DEMO.DEPT (DEPTNO,DNAME,LOC) values (20,'RESEARCH','DALLAS');
Insert into DEMO.DEPT (DEPTNO,DNAME,LOC) values (30,'SALES','CHICAGO');
Insert into DEMO.DEPT (DEPTNO,DNAME,LOC) values (40,'OPERATIONS','BOSTON');
REM INSERTING into DEMO.EMP
SET DEFINE OFF;
Insert into DEMO.EMP (EMPNO,ENAME,JOB,MGR,HIREDATE,SAL,COMM,DEPTNO) values (7369,'SMITH','CLERK',7902,to_date('17-DEC-80','DD-MON-RR'),800,null,20);
Insert into DEMO.EMP (EMPNO,ENAME,JOB,MGR,HIREDATE,SAL,COMM,DEPTNO) values (7499,'ALLEN','SALESMAN',7698,to_date('20-FEB-81','DD-MON-RR'),1600,300,30);
Insert into DEMO.EMP (EMPNO,ENAME,JOB,MGR,HIREDATE,SAL,COMM,DEPTNO) values (7521,'WARD','SALESMAN',7698,to_date('22-FEB-81','DD-MON-RR'),1250,500,30);
Insert into DEMO.EMP (EMPNO,ENAME,JOB,MGR,HIREDATE,SAL,COMM,DEPTNO) values (7566,'JONES','MANAGER',7839,to_date('02-APR-81','DD-MON-RR'),2975,null,20);
Insert into DEMO.EMP (EMPNO,ENAME,JOB,MGR,HIREDATE,SAL,COMM,DEPTNO) values (7654,'MARTIN','SALESMAN',7698,to_date('28-SEP-81','DD-MON-RR'),1250,1400,30);
Insert into DEMO.EMP (EMPNO,ENAME,JOB,MGR,HIREDATE,SAL,COMM,DEPTNO) values (7698,'BLAKE','MANAGER',7839,to_date('01-MAY-81','DD-MON-RR'),2850,null,30);
Insert into DEMO.EMP (EMPNO,ENAME,JOB,MGR,HIREDATE,SAL,COMM,DEPTNO) values (7782,'CLARK','MANAGER',7839,to_date('09-JUN-81','DD-MON-RR'),2450,null,10);
Insert into DEMO.EMP (EMPNO,ENAME,JOB,MGR,HIREDATE,SAL,COMM,DEPTNO) values (7788,'SCOTT','ANALYST',7566,to_date('19-APR-87','DD-MON-RR'),3000,null,20);
Insert into DEMO.EMP (EMPNO,ENAME,JOB,MGR,HIREDATE,SAL,COMM,DEPTNO) values (7839,'KING','PRESIDENT',null,to_date('17-NOV-81','DD-MON-RR'),5000,null,10);
Insert into DEMO.EMP (EMPNO,ENAME,JOB,MGR,HIREDATE,SAL,COMM,DEPTNO) values (7844,'TURNER','SALESMAN',7698,to_date('08-SEP-81','DD-MON-RR'),1500,0,30);
Insert into DEMO.EMP (EMPNO,ENAME,JOB,MGR,HIREDATE,SAL,COMM,DEPTNO) values (7876,'ADAMS','CLERK',7788,to_date('23-MAY-87','DD-MON-RR'),1100,null,20);
Insert into DEMO.EMP (EMPNO,ENAME,JOB,MGR,HIREDATE,SAL,COMM,DEPTNO) values (7900,'JAMES','CLERK',7698,to_date('03-DEC-81','DD-MON-RR'),950,null,30);
Insert into DEMO.EMP (EMPNO,ENAME,JOB,MGR,HIREDATE,SAL,COMM,DEPTNO) values (7902,'FORD','ANALYST',7566,to_date('03-DEC-81','DD-MON-RR'),3000,null,20);
Insert into DEMO.EMP (EMPNO,ENAME,JOB,MGR,HIREDATE,SAL,COMM,DEPTNO) values (7934,'MILLER','CLERK',7782,to_date('23-JAN-82','DD-MON-RR'),1300,null,10);
REM INSERTING into DEMO.MEMBERS
SET DEFINE OFF;
Insert into DEMO.MEMBERS (CUSTOMER_ID,CUSTOMER_CODE,DATE_OF_JOIN) values (1,'A1',to_date('07-MAR-23','DD-MON-RR'));
Insert into DEMO.MEMBERS (CUSTOMER_ID,CUSTOMER_CODE,DATE_OF_JOIN) values (2,'B2',to_date('09-MAR-23','DD-MON-RR'));
REM INSERTING into DEMO.MENU
SET DEFINE OFF;
Insert into DEMO.MENU (PRODUCT_ID,PRODUCT_NAME,PRICE) values (1,'Pizza',10.99);
Insert into DEMO.MENU (PRODUCT_ID,PRODUCT_NAME,PRICE) values (2,'Mazza',3.99);
Insert into DEMO.MENU (PRODUCT_ID,PRODUCT_NAME,PRICE) values (3,'Ramen',12.85);
Insert into DEMO.MENU (PRODUCT_ID,PRODUCT_NAME,PRICE) values (4,'Coke',1.99);
REM INSERTING into DEMO.SALES
SET DEFINE OFF;
Insert into DEMO.SALES (SALES_ID,ORDER_DATE,PRODUCT_ID,AMOUNT,CUSTOMER_ID) values (1,to_date('01-MAR-23','DD-MON-RR'),1,null,null);
Insert into DEMO.SALES (SALES_ID,ORDER_DATE,PRODUCT_ID,AMOUNT,CUSTOMER_ID) values (2,to_date('01-MAR-23','DD-MON-RR'),2,null,null);
Insert into DEMO.SALES (SALES_ID,ORDER_DATE,PRODUCT_ID,AMOUNT,CUSTOMER_ID) values (3,to_date('07-MAR-23','DD-MON-RR'),2,null,null);
Insert into DEMO.SALES (SALES_ID,ORDER_DATE,PRODUCT_ID,AMOUNT,CUSTOMER_ID) values (4,to_date('10-MAR-23','DD-MON-RR'),3,null,null);
Insert into DEMO.SALES (SALES_ID,ORDER_DATE,PRODUCT_ID,AMOUNT,CUSTOMER_ID) values (5,to_date('11-MAR-23','DD-MON-RR'),3,null,null);
Insert into DEMO.SALES (SALES_ID,ORDER_DATE,PRODUCT_ID,AMOUNT,CUSTOMER_ID) values (6,to_date('11-MAR-23','DD-MON-RR'),3,null,null);
Insert into DEMO.SALES (SALES_ID,ORDER_DATE,PRODUCT_ID,AMOUNT,CUSTOMER_ID) values (7,to_date('01-MAR-23','DD-MON-RR'),2,null,null);
Insert into DEMO.SALES (SALES_ID,ORDER_DATE,PRODUCT_ID,AMOUNT,CUSTOMER_ID) values (8,to_date('02-MAR-23','DD-MON-RR'),2,null,null);
Insert into DEMO.SALES (SALES_ID,ORDER_DATE,PRODUCT_ID,AMOUNT,CUSTOMER_ID) values (9,to_date('04-MAR-23','DD-MON-RR'),1,null,null);
Insert into DEMO.SALES (SALES_ID,ORDER_DATE,PRODUCT_ID,AMOUNT,CUSTOMER_ID) values (10,to_date('11-MAR-23','DD-MON-RR'),1,null,null);
Insert into DEMO.SALES (SALES_ID,ORDER_DATE,PRODUCT_ID,AMOUNT,CUSTOMER_ID) values (11,to_date('16-MAR-23','DD-MON-RR'),3,null,null);
Insert into DEMO.SALES (SALES_ID,ORDER_DATE,PRODUCT_ID,AMOUNT,CUSTOMER_ID) values (12,to_date('01-FEB-23','DD-MON-RR'),3,null,null);
Insert into DEMO.SALES (SALES_ID,ORDER_DATE,PRODUCT_ID,AMOUNT,CUSTOMER_ID) values (13,to_date('01-MAR-23','DD-MON-RR'),3,null,null);
Insert into DEMO.SALES (SALES_ID,ORDER_DATE,PRODUCT_ID,AMOUNT,CUSTOMER_ID) values (14,to_date('01-MAR-23','DD-MON-RR'),3,null,null);
Insert into DEMO.SALES (SALES_ID,ORDER_DATE,PRODUCT_ID,AMOUNT,CUSTOMER_ID) values (15,to_date('07-MAR-23','DD-MON-RR'),3,null,null);
REM INSERTING into DEMO.SALGRADE
SET DEFINE OFF;
Insert into DEMO.SALGRADE (GRADE,LOSAL,HISAL) values (1,700,1200);
Insert into DEMO.SALGRADE (GRADE,LOSAL,HISAL) values (2,1201,1400);
Insert into DEMO.SALGRADE (GRADE,LOSAL,HISAL) values (3,1401,2000);
Insert into DEMO.SALGRADE (GRADE,LOSAL,HISAL) values (4,2001,3000);
Insert into DEMO.SALGRADE (GRADE,LOSAL,HISAL) values (5,3001,9999);
--------------------------------------------------------
--  DDL for Index PK_EMP
--------------------------------------------------------

  CREATE UNIQUE INDEX "DEMO"."PK_EMP" ON "DEMO"."EMP" ("EMPNO") 
  PCTFREE 10 INITRANS 20 MAXTRANS 255 COMPUTE STATISTICS 
  STORAGE(INITIAL 65536 NEXT 1048576 MINEXTENTS 1 MAXEXTENTS 2147483645
  PCTINCREASE 0 FREELISTS 1 FREELIST GROUPS 1
  BUFFER_POOL DEFAULT FLASH_CACHE DEFAULT CELL_FLASH_CACHE DEFAULT)
  TABLESPACE "DATA" ;
--------------------------------------------------------
--  DDL for Index PK_DEPT
--------------------------------------------------------

  CREATE UNIQUE INDEX "DEMO"."PK_DEPT" ON "DEMO"."DEPT" ("DEPTNO") 
  PCTFREE 10 INITRANS 20 MAXTRANS 255 COMPUTE STATISTICS 
  STORAGE(INITIAL 65536 NEXT 1048576 MINEXTENTS 1 MAXEXTENTS 2147483645
  PCTINCREASE 0 FREELISTS 1 FREELIST GROUPS 1
  BUFFER_POOL DEFAULT FLASH_CACHE DEFAULT CELL_FLASH_CACHE DEFAULT)
  TABLESPACE "DATA" ;
--------------------------------------------------------
--  Constraints for Table SALES
--------------------------------------------------------

  ALTER TABLE "DEMO"."SALES" MODIFY ("SALES_ID" NOT NULL ENABLE);
--------------------------------------------------------
--  Constraints for Table MEMBERS
--------------------------------------------------------

  ALTER TABLE "DEMO"."MEMBERS" ADD PRIMARY KEY ("CUSTOMER_ID")
  USING INDEX PCTFREE 10 INITRANS 20 MAXTRANS 255 COMPUTE STATISTICS 
  STORAGE(INITIAL 65536 NEXT 1048576 MINEXTENTS 1 MAXEXTENTS 2147483645
  PCTINCREASE 0 FREELISTS 1 FREELIST GROUPS 1
  BUFFER_POOL DEFAULT FLASH_CACHE DEFAULT CELL_FLASH_CACHE DEFAULT)
  TABLESPACE "DATA"  ENABLE;
--------------------------------------------------------
--  Constraints for Table MENU
--------------------------------------------------------

  ALTER TABLE "DEMO"."MENU" ADD PRIMARY KEY ("PRODUCT_ID")
  USING INDEX PCTFREE 10 INITRANS 20 MAXTRANS 255 COMPUTE STATISTICS 
  STORAGE(INITIAL 65536 NEXT 1048576 MINEXTENTS 1 MAXEXTENTS 2147483645
  PCTINCREASE 0 FREELISTS 1 FREELIST GROUPS 1
  BUFFER_POOL DEFAULT FLASH_CACHE DEFAULT CELL_FLASH_CACHE DEFAULT)
  TABLESPACE "DATA"  ENABLE;
--------------------------------------------------------
--  Constraints for Table DEPT
--------------------------------------------------------

  ALTER TABLE "DEMO"."DEPT" ADD CONSTRAINT "PK_DEPT" PRIMARY KEY ("DEPTNO")
  USING INDEX PCTFREE 10 INITRANS 20 MAXTRANS 255 COMPUTE STATISTICS 
  STORAGE(INITIAL 65536 NEXT 1048576 MINEXTENTS 1 MAXEXTENTS 2147483645
  PCTINCREASE 0 FREELISTS 1 FREELIST GROUPS 1
  BUFFER_POOL DEFAULT FLASH_CACHE DEFAULT CELL_FLASH_CACHE DEFAULT)
  TABLESPACE "DATA"  ENABLE;
--------------------------------------------------------
--  Constraints for Table EMP
--------------------------------------------------------

  ALTER TABLE "DEMO"."EMP" ADD CONSTRAINT "PK_EMP" PRIMARY KEY ("EMPNO")
  USING INDEX PCTFREE 10 INITRANS 20 MAXTRANS 255 COMPUTE STATISTICS 
  STORAGE(INITIAL 65536 NEXT 1048576 MINEXTENTS 1 MAXEXTENTS 2147483645
  PCTINCREASE 0 FREELISTS 1 FREELIST GROUPS 1
  BUFFER_POOL DEFAULT FLASH_CACHE DEFAULT CELL_FLASH_CACHE DEFAULT)
  TABLESPACE "DATA"  ENABLE;
--------------------------------------------------------
--  Ref Constraints for Table EMP
--------------------------------------------------------

  ALTER TABLE "DEMO"."EMP" ADD CONSTRAINT "FK_DEPTNO" FOREIGN KEY ("DEPTNO")
	  REFERENCES "DEMO"."DEPT" ("DEPTNO") ENABLE;
--------------------------------------------------------
--  Ref Constraints for Table SALES
--------------------------------------------------------

  ALTER TABLE "DEMO"."SALES" ADD CONSTRAINT "FK_CUST_ID" FOREIGN KEY ("CUSTOMER_ID")
	  REFERENCES "DEMO"."MEMBERS" ("CUSTOMER_ID") ENABLE;
